<?xml version="1.0" encoding="UTF-8"?>
<Tokens version="1.0">
	<File path="Constants/BITBinaryImageType.html">
		
		<Token>
			<TokenIdentifier>//apple_ref/c/tdef/BITBinaryImageType</TokenIdentifier>
			<Abstract type="html">HockeySDK Crash Reporter error domain</Abstract>
			<DeclaredIn>BITCrashReportTextFormatter.h</DeclaredIn>
            
			
			<NodeRef refid="38"/>
		</Token>
		
		
        
        <Token>
            <TokenIdentifier>//apple_ref/c/econst/BITBinaryImageTypeAppBinary</TokenIdentifier>
            <Abstract type="html">App binary
   </Abstract>
            <Declaration>BITBinaryImageTypeAppBinary</Declaration>
            
            <DeclaredIn>BITCrashReportTextFormatter.h</DeclaredIn>
            
            <NodeRef refid="38"/>
        </Token>
        
        <Token>
            <TokenIdentifier>//apple_ref/c/econst/BITBinaryImageTypeAppFramework</TokenIdentifier>
            <Abstract type="html">App provided framework
   </Abstract>
            <Declaration>BITBinaryImageTypeAppFramework</Declaration>
            
            <DeclaredIn>BITCrashReportTextFormatter.h</DeclaredIn>
            
            <NodeRef refid="38"/>
        </Token>
        
        <Token>
            <TokenIdentifier>//apple_ref/c/econst/BITBinaryImageTypeOther</TokenIdentifier>
            <Abstract type="html">Image not related to the app
   </Abstract>
            <Declaration>BITBinaryImageTypeOther</Declaration>
            
            <DeclaredIn>BITCrashReportTextFormatter.h</DeclaredIn>
            
            <NodeRef refid="38"/>
        </Token>
        
        
	</File>
</Tokens>