<?xml version="1.0" encoding="UTF-8"?>
<Tokens version="1.0">
	<File path="Constants/BITSessionState.html">
		
		<Token>
			<TokenIdentifier>//apple_ref/c/tdef/BITSessionState</TokenIdentifier>
			<Abstract type="html">Enum class for type SessionState.</Abstract>
			<DeclaredIn>BITSessionState.h</DeclaredIn>
            
			
			<NodeRef refid="49"/>
		</Token>
		
		
        
        <Token>
            <TokenIdentifier>//apple_ref/c/econst/BITSessionState_start</TokenIdentifier>
            <Abstract type="html"></Abstract>
            <Declaration>BITSessionState_start</Declaration>
            
            <DeclaredIn>BITSessionState.h</DeclaredIn>
            
            <NodeRef refid="49"/>
        </Token>
        
        <Token>
            <TokenIdentifier>//apple_ref/c/econst/BITSessionState_end</TokenIdentifier>
            <Abstract type="html"></Abstract>
            <Declaration>BITSessionState_end</Declaration>
            
            <DeclaredIn>BITSessionState.h</DeclaredIn>
            
            <NodeRef refid="49"/>
        </Token>
        
        
	</File>
</Tokens>